name	decision	sequence	numKeep	numDelete
Brian Chase (Wikipedia hoaxer)	K	KKDDKKKKDKKDKKKKKKKKKKKKKKKKKKDKKKKKDKKKKKKKKKKKKKKKKKKKKKKKKKDDDKKKKKKKKKKDKKKDKKDKKKKKKKKKKKKKDKKKKKKKKKKKKKKKKKKKKKKKKKKKKDKKKKKKKDKKDKKKKKKKKKKKKKKKKKKKDKKKKKKDDDKKKKKDKKDKDKKKKKDKKKDDKKKKKKDKKDKDKKDKKKKKKKKKKKKKKKKKKKKKKDKKDKKDKDKKKKKKKKKKKKKKKKDKKKDKKKKKKDKDKKKKKKKKKK	236	38
Essjay	K	DDDKDDDDKDDDDDKKKKDKKKKDDDDDDDDDDDDDKKDDKDDDDDDKDKDKDDDKKDKKKKDKDKKDKDKDDKKKDDDDKDDKDKKKKKKKKDDKDKDKDKKDDKKDKDDDDKKKKKKDDDKKKKKDDKDKDDDKDDKDKKKDKKKKKKKKKKKKKKKKKKKKKKKKKKKKKKKKKKKKKKKKKKKKKKKDKKKKKKK	120	79
Jamie Kane	K	KDDKDKDDDDDDDDDDDDDDKDDDDDKDDKDKKKKKKDDDKKKKKKKKKDKKKKKKDKKKKDDKKDDKKKKKKKDKKKKKKKKKKKKKKKDDKKDDKKKDKKKKKKKDDDDKDKDKDDDKDDKKKKKKDDDKDKKKKKDKDKDKKKDDDDDDKDDKDKKD	92	68
Rationales to impeach George W. Bush (3rd nomination)	K	DKKDDKDDKDKKDKKKDDDDKDDDDDKKKDDDDDDDKDKKKDDDDDDKDDKDKKDDKDDDDKKKDDKDDDDDDDKDDDDKKKDKDDKKDDDKKDDDDDDKKDDDDKKKDKKDKKDDKKKKDKDDDKKDKDDKKKDDDDDKKDDKDDD	58	89
Encyclopedia Dramatica (2nd nomination)	K	KKDKKKKDKKDDKDKDKKKKKKKKKKKKKKDKKKKKKKDKDDKKKDKDKKDKKKDKKKKDKDKKKKKDKKKDKDKDKDKDKKKKKKKKKKKKKKKKDDKKDKKKKKDKKKKKDKKKKKKKKDKKDKKKKKKKKKKKDKKDDKKKD	112	33
Solar eclipse on 2006 March 29	K	KKKDDKKKKKKKKKKKKKKKKKKKKKKKKKKDKKKKKKKKKKKKKKKKKKKKKKKKKKKKKKKKKKKKKKKKKKKKKKKKKKKKKKKKKKKKKKKKKKKKKKKKKKKKKDKKKKKKKKKKKKKKKKKKKKKKKKKKDKKKK	136	5
Colorado balloon incident	K	DKKKKKKKKKKDDKKKDDKDDDDKDKDKKDKDDKDDDDKDKDDDDDKKDKKKDDDKDDDDKKDDKDDKDDDKKDDKKKKKDDDKKDKDDKDDKKDDDDKDDKDKDDKDKKDKKKDDKDDDKKDDDKKKKDKKKKKKKKKKD	71	70
Flying Spaghetti Monster	K	DKKKKKKKKKKKKKKKKKKDKKKKKKKKKKKKKKKKKKKKKKKKKKKKKKKKKKKKKKKKKKKKKKKKKKKKKKKKKKKKKKKKKKKKKKKKKKKKKKKKKKKKKKKKKKKKKKKKKKKKKKKKKKKKKKKKKKKDKK	135	3
Chris Crocker (internet celebrity)	K	DKKKKDKDDDDDKKDDDDDDKDDDDDDKDDDDDDDDKKDDKDDKDKKKKDKKDKDDKKDKKDKKKKKDKDDKKKDDKDDKDDDKDKKDDKKKDKKDKKKKKKKKDDKKKDKKDKDKDKKKKKKKDKDKDK	68	62
Gay Nigger Association of America (6th nomination)	K	DKDKDDKKDDDDDKKKKKDDDKKDKDKKDDDKKKKDDKDDKKKDKKKKKKKKDKDKKKKKDDKKKDKKDDKDKDKDKKKDKDDKDDKDDDKDKDKKDDDDKDDKDKDKKKKKDKKDKDKKDDK	68	55
Eon8 (2nd nomination)	K	KKKKKDKKDDKDDDDKKKKKKDKDKKKDDKDDKKKKKDKDDKKKKKKKDKDKKKKDKKKKDKDDDKDDDDKDKDDKKKDKDDKDDDKKDDKKDKKKDKKKDDKKDDKDDDKDKKDKK	68	49
Susan Boyle	K	DDDKKKKKKKKKKKKKKKKKKKDKKKKKKKDKKKKKKKKKKKKKDKKKKKKKDKKDDKKKDKKKKKKKKKKKKKKKKKKKKKKKKKKKKKKKKKDKKKKDKKKKDKDKKDKKKKKKK	102	15
Wikitruth	K	DDKDDKKDKKKDKDKKKKKDKKKKDDKDKDKKKDKKKKKDKKDKKKKKDDKKKKKKKKKKKKKDKKKKKKKKKDKKKDKKKKKKKKKKKKDKKDKKDKKDKKKKKKKKKKKKKKKK	92	24
Ric Romero	K	KDKKDDDKDKDDKDDKKKKDDDKDKDDDKKDKKKKKKKKDKKKKKKKKKKKKKKKKKKKKKKKKKKKKDKKKKKKKKKKKKDKKKKKKDKKKKKKKKKKKKKKKKKKKKKKKKD	92	22
Allison Stokke (second nomination)	K	DDDKDKDKDKDDDKDKDKDDDDKKDDDKDDKDDKDDDKDKKDDDKKDKKKDDDDKKDKKKDDKDDDDKKKKKKKDKKDKDDDKDDKDDDKDKDDDDDDDDDDDKDDDKDKDKK	45	68
Nidal Malik Hasan	K	DKDKKKDDDKKKKDKKKDKDKKDDKKDKKKKDDDKDKKKKDKKKKDKKKKKKDKKKDDKKKDKKKKKKKKKKKKKKKKKKKKKKKKDKKKKKKKKKKKKKKKKKKKKDKKK	88	23
Angela Beesley (3rd nomination)	K	DDDDDDDDDDDDDDKKKKDDDDDDDKKDDKKKKKDDDDKKKKDKDKKKKDKKKDKDKDKDDKDKKDDDDKKKDDKKKKDDKDDKKKDKDKKDKDKDKKDKDKDKDDK	51	56
List of shock sites (fourth nomination)	K	DDDDDKDDKDKKKKKDKKDDDDDKKKDDKKKKKKKKKKKKKKKDDDDKDDKKKDKKKKDDKKKKDDDKDKKKKKDKKKDKKKDKKKDKKKDKKKDKKKKKKKDKKK	70	36
Republic of Ireland vs France (2010 FIFA World Cup Play-Off)	K	DDDDDDDDDDDKKDKKKKKKDKKKKDKKKKKKDKKKDDKKKDDKKDDKDKDKKDKKDKDKKKKDKKKKKKKKKKKDKKDKKKKDKKKKKKKKKDKKDDDKDK	67	35
King Kong defence	K	DKDKKKKKKKKKDDKKKKKKKKKKKKKKKKKKKKKKKDKKKKKKKKKKKKKKKKKKKKKKKKKDKKKKKDKKKKKKKKKKKKKKKKKKKKKKKKKKKKKKK	94	7
Israeli apartheid (phrase)	K	DKDDDKDDKDDKDKDKDDDDDDDDKKKDDKKDKDDDDDDDKDKDDKKKKDKKKKKKDDKKDKKKKKDKDDKDDKDKDDKKKKKKKDKDDDKDDDDDKDKK	47	53
State terrorism by the United States (sixth nomination)	K	DKDKDKDDDKKKDDKKKKKKDKKKDKDDDKKKDDDDKDDDKDKDDKDDDDKDKKKKKDDKKKKDDKKKKKKDKKKKDKDKDDKDDDDDKDKKDKDKKKDK	54	46
Giovanni di Stefano	K	KKDDDKDDDKKKKKKKKKDKKKKKKKKKKKKKKKKKKKDKKKKKKKKKKKKKKKKKKKKKKKKKDKKKKKKKKKKKKKKKKKKKKKKKKDKDKK	83	11
Project Chanology	K	DKKKKDKKKKKKKKKKDKKKKKKKKKKKKKKKDKKKDKKKKKKKKKKDDKKDDKKKKKKKKKKKKKKKKKKKKKKKKKKKKKKKDKKKKKKKK	83	10
Religious persecution by Jews	K	DKDDDDKDDDDDDKKKKKDDDDDKDKKDDDDDDKDKDDKDDKKKDKDKDDDKKDKDDKDKDKDKDKKKDDDDDKKDDDDDDDDKDKKDDK	34	56
Qantas Flight 30	K	DDDDDDDDKKKDKKKKKKKKKKKKKKDKKKKKDDKDDKDKKKKKKKKKKKKKKKKKKKKKDDKKKKKKDKKKDDKKKKKDKKKKKDK	65	22
Joseph Wurzelbacher	K	DKKDKKKKDKKDKKKKKKKKKDKKKKKKKDKKKKKKDDKKKKKKKDKKKKKKKKKDKKKDKKDKKKKKDKKKKKKKKKDKKKKKDK	71	15
Michaele Salahi	K	DDDDKKKDKDDKDKKKKKDDKKDDKKKDKDKKKKDKKKDDDDKKDKKKKDKKKDKDKKKKKDDKDKKKDKKKDKDKKKKK	51	29
A More Perfect Union	K	DDKKKKKKKKDKKDKKDDKDKDKKKKKDKKKKDKKKKKKDKKKKKKKKKKKKKKDKKKKKKKKDKKKKKKKKKKKKDKK	65	14
Alleged causes of Hurricane Katrina	K	DDDDDKDKKKKDKDDKDDKKDDDDKKKDDDDKKDKDKDDDKKDKDKDDKKDKDKKDKKKKKDKKKDKKKDDKDKDK	39	37
List of places blurred out on Google Maps	K	DDKKDKDKDDKDDKDDKDKKDKKKKKKKKKKKKKKDKDKDKKKKDKDKDKDKKKDDKDKKDKKDDDKKKKKDDKK	47	28
List of cats with fraudulent diplomas	K	DDKKKDKKKKKKKKKKKKKKKKKDKKKKKKKKKKKKKKKKKKKKKKDKDKKKKKKKKKKKKKKDKKKKKKKKKK	67	7
Possible consequences of Kosovo independence	K	DDDKDDKDKKKKKDKKDKKKDKDKKKDDDDDKKDKKKDDDDDDKKKDDDDDKKDDDKDDDDKDDDDKKKKKK	34	38
Transreal number	K	DDDDDKKKKKDKDKKDDKKDKKDDDKKKDDKKDKDDKDDKKKKDKKKKDDDKKKDKDDKDDKKKKKKKKDDK	41	31
List of Louisiana Baptist University people (second nomination)	K	DKDKKDDKKKDDKDKDKDDDDDDDDDDDDDKKKKKDKKDKKKKDKKKKDDDKKKDDKDDKDDKDDDKKDKDD	33	39
The Gore Effect	K	DDDDKDDKKDKKKDDDDKKKKKKKDKDKKDDDKKDDKDDDKDKDKKDDDDDKKKKKKKKKKKKKDKKDKKK	41	30
Fitzmas	K	DKDKDKKDDKDDKKKKKKKKKKKDKKDKKKDKKKKKKKKKKKKKKKKKKKKDKKKKKKKKKKKKKKKKKKK	60	11
Allegations of Israeli apartheid	K	DKDKKDKKDKDDKDDDDDDDDDDDDDKDKKKKKDKKDDDKKKDDKKKKKDKKKKDKDDDKDKKKKKKDKD	36	34
Gay Nigger Association of America (18th nomination)	K	DKDDDKKDDDDKDKDKKDDDDKKDKDDKDDDDKDDDDKDKKKDKDDKDDDDDKKKKDKKKKDKDDDDKKK	30	40
Cloverfield (creature)	K	DDKKKDKKDDKDDDDKKKKDKDDDDKKDDKDKKKKKDKKKKKKKKKKKKKKKDKKKKKKKKKKKKKKKKK	51	19
Faye Turney	K	DKKKKDKKDDKKKKKKKKKKKDKKKKKKKKDKKKKKKKKKKKKKDKKKDDKKKDKKKKKKKKDKKKKKKK	59	11
Movement to impeach George W. Bush (2nd nomination)	K	DDKDKKKKKKDDKKKKKDKKKKKKKKKKKKKKKDKKKKKKKKKKKKKKKKKKKDDKKKKKKKKKKKKKKK	61	9
Harvey Jackson	K	DKDDDKDDDDKKDDKKDDKKDDDKDKDDKDDKDDDKKKKKKDDKDDKKDKKKKKKDDKDKKDDDKDKKK	34	35
The Bus Uncle	K	KDDKDKDKKKDDDKKKKKDKDDKKDKDKDKKKKKKKKKKKKKDKKKKKKKKKKKKKKKKKKKKKKKKKK	55	14
Harry Potter and the Deathly Hallows (film)	K	DDDKDKDKKDKKKKKKKKKDKKKKKKKDDDKKKKKKKKKKDKKKKKKKKKKKKKKKKKKKKKKKKKKKK	58	11
Angela Beesley (7th nomination)	K	DDDKKKDDKKKKKKKDDDKKKDKDDDDDKDDDKDDKDKDDDKKKKKKKDDDDDDKKDKDDKKDKKDK	33	34
Allegations of apartheid (fifth nomination)	K	DKKDDKDDDKKKKDDKKKDKDKDDDDKKDKDDDDKKKDKKDKDDDKKKKDKKDKKDDKDKDKDKDDK	34	33
John Smeaton (baggage handler)	K	DDDDKKKDKKDDKKKKKKDKKKDKKKKKKKKKKKKDKKKKKKKKKKDKKKKKKKKKKKKKKKKKKKK	56	11
List of scientists opposing the mainstream scientific assessment of global warming (3rd nomination)	K	DDKKDKKDDKKDDDKDKDDKKDDKDDDDDDDKKDKDDDDDKKDKDKKKDKDDDDKKKKDKKDKKKK	31	35
Emily Sander	K	DKKDDDKKDKDKKDDKDDDKKKKDDKDKKKDDKKKKKKDDKDKKDKDDKDDKDKKDKDDDKDDKK	34	31
List of common misconceptions (2nd nomination)	K	DDKKKKKKKKDDKKDKKDDDKKDKDKKKKDKDDDKDDDDKKKDKDKDDDDDKKKDDDDDKKKKKD	34	31
2009 attacks on Indian students in Australia	K	DDDKKKKKKKKKKDDKKKDDKKKKKKKKKKKKKKKKKKKKKKDKKKKKKKKKDDKKKKKKKKKKK	55	10
2004 U.S. presidential election controversy and irregularities	K	DKKDKKKDKKKDDKKDKDKKKKKKKKKKDKKKKKKKKKKKDKKKKKKDDKKDKDKKKKKKKDKK	50	14
Tony Pierce (second nomination)	K	KKKDKDDKDDDDDDDDKDKDDDDKKKDDDDDKDKKDDKDDDKDKDDDDDDDDDDDDDDDDDKDK	18	46
Adult-child sex (2nd nomination)	K	DKKDKKKKDKDKKDDDDDDKDDDDDDDDKKDKDKKKKDKKDKKKKKKDKDDDDDKDDDDDDKK	29	34
Sam Loxton with the Australian cricket team in England in 1948	K	DKKKDKKKKKKKKKKKKKKKKKKKKDKKKKKDKKKKKKDKKKKKKKKKKDKKKKKKKKKKKK	56	6
Anti-Iranianism	K	DKKDKDKDDDKDDDKKKKKDDDDDDDDKKDKKKKKKKDKKKDKKKKKKDDKDKKDKKKKKDK	37	25
2008 Chino Hills earthquake	K	KDKKDDKKKKKKKKDKKDKDDKKKDKKKKKKKDKDKKDKKDKDDKKKKDKKKKKKKDKKKKK	46	16
Shawn Hornbeck	K	DDKKDKKKKDKKKKDKKKDDKKKKKKKKKKDKKKKKKKKKKKKKKKKKKKKDKKKKKDKKKK	52	10
Barbara Schwarz (4th nomination)	K	DKDDKKDKDKDKKDDDKKKKDKKKDDKKKKKKKKKKKKDKKKKKKDKDKKKKKDDKKKKKDK	44	18
International response to the 2010 Polish Air Force Tu-154 crash	K	DDKDKKKKDDKKKKKDKKKKDDKKDKKKDDKKDDDKKDDDKKDDDKDKKKDKKKKKDDKKDK	37	25
2009 Richmond High School gang rape	K	KDDKDDKDDKDDKKDKKDKDKKDDKKKDKKDKKDKKKKKDDDKKKDDKKKKDKKKKDKKKK	38	23
James Kim	K	DKKKKKKKKKKKKKKKKKDKKDKKKKKKKKKDKKKKKKKKKKKKKKKKKKKKKKKKKKKKD	56	5
Lolcat	K	DDDDKDDKDDKKKKDKKKKKKDKDKKKKKKKKKKKKKKKDKDKKKKKKKKKKKKKKKKKKK	48	13
Saugeen Stripper 2	K	KKKDDKDKDDDDDDDDKDKDDDDDDDDKDDDDDDKDDKKDKDDKDKKDKKDDKKDKDDKK	22	38
Brendan Burke	K	DKKKKKKKKKKKKKKKKKKKKKKKKKKKKKKKKKKKDKKKKKKKKKKDKKKKKKKKKKKK	57	3
Star Trek: Enterprise alleged continuity problems (third nomination)	K	DDKDDKKDDDDKDDKKDDKDDDDDDDDDKDKDDDDDDDDDDDDDDKDKKKDDDDKDDDD	14	45
Eve Carson	K	DKDDDKKKKDKKDKDKDKKDKKKDDDKDKDDKDDKKKKKKKKKDKKDDKKKKDKKDKKK	37	22
Sexuality of Robert Baden-Powell (4th nomination)	K	DKDDDKDDDDKDKDKKDDDDDKDDDKDDDDDDKDDDDKDDDDDDDDDKDKDDDKDDDK	14	44
Anonymous (group)	K	DKKKKKKKKKKDDKKKKKKKKKKKKKKKKKKKKKKKKKKKKDKKDKKKKKKDKDKKDK	50	8
Kept Man	K	KDKKDDDKDDDKKKDKKDDKKKKKDKKKKKKKKDKKKDKKDKDKKDKKDKKDKKKKKD	39	19
Bartlett High School, Bartlett, Illinois	K	DDDKDKDDDKKDKDDDKDDDKDDKDDKKKDDKKDDKDDKKKDKDDKKDDKDKKDDDDK	24	34
Apartheid (disambiguation)	K	DKKDKDDDKDKDDDDKDDDDDDDDDKDKKKKKDKKKDDDDKDDDKKKDDKKDKKKKD	25	32
Israeli terrorism	K	DKDKDKKKKDKKKKDKKKKDKDKKKDDDDDDDKDDKKDDKDDDKDDKDKDKKKDDKD	29	28
Earth (2nd nomination)	K	DDKDDKDDDKDDKKDDDKDKKKKKDDDKKDDDKDKKDKDKDKKKDDDKKKKDKDDKK	28	29
Stephen Colbert at the 2006 White House Correspondents' Association Dinner	K	DKDKDKKDKKKDKKDKKKKKDKKKKKKKKKKKKKKKKKKDDKKKKDKKKKDKKKKKK	46	11
Tribalwar	K	DKDKKKKKKKKKKKKKDKDKDDDKKKKDKDDKDDKKDKKKDDDKDDDDDKKKDKKKK	35	22
Bush Crimes Commission (2nd nomination)	K	DDDKKKDDKDKDDDKDDDDDKDKKKDKKKKKKKDDDDKDDKKKDKKDDKKDDKDKDK	28	29
Annie Le	K	DKKKKDKKKDKKKKKKKKKKKKKKKKDDKKDKDKDKDDKKKKDKKKKKKKKKKKKDD	44	13
Israeli art student scam	K	DDDDKDKDDDDDKDDKDKDDKKDDDDKDKDDDKDDDDDDDDDDKDDKKKKKKDKKD	19	37
Robert Frost Middle School	K	DDDKKKKDDDKKKDDDDKKKDKKKKKKKKDDDKKDDDKKKKKKKKKKKDKKDKKKD	36	20
2009 New York City airplane scare	K	DKKKDKDDDKKDDKDDDKDKKKKDKKDKDDKKKDKKKKKKDDDDKKDDDKKKKDDD	30	26
Barack Obama speech to joint session of Congress, September 2009	K	DKKKDKKKKKKKKKKKKKKDKKDKKKKKKKKKKKKDKKKKKKKKKKKKKKKKKKKK	51	5
Mariana Bridi da Costa	K	DDKKDKKKDKKKKKKKKKKKKKKDDKKKKKKKDKDKKKDKKDDKKKKKKKKKKKDD	43	13
Essjay controversy (4th nomination)	K	DDDKKDKKKKKKKKKKKKKKKDKKKKKKKKKKKKKKDKKKKKKKKKKKKKDKKKK	48	7
List of bow tie wearers (4th nomination)	K	DKDKDKKKKKKKKKKKKDKKKDDDDDKDDKKKDKKKDDDDKKDKKKDKKKDDKKD	34	21
Stereotypes of Jews (2nd nomination)	K	DDKDDDKDDDDDDDKDDDKKKDKDDKKKDDKDDKDKDKDKDDDDKKDDKDDDKK	20	34
Rationales to impeach George W. Bush (2nd nomination)	K	DDDDDKKDDDDDKKKKDDDDKKDKDDDKDDDDKDDDDDKDDDKDDDDKKDDKKD	17	37
Opinion polling for the United States presidential election, 2008	K	DDKDKKDDKKKKKKDDKKKKKKKKKKKKKKDKKKKKDDKKKKKKDKKKKKKKKK	43	11
Climate change denial (4th nomination)	K	DDKKKKKDKKKKKKDKKDKKKKKKKDDDDKKKDDKKKKKKKKKKKKKKDKKDKK	41	13
Benoit family tragedy	K	DKKKKKKKKKKKKKKKKKKKKKKKKKKKKKKKKKKKKKKKKKKKDKDKKKKKK	50	3
Wikigroaning	K	DKKKKKKDKKKKKKKKKDDDDDDDKDKKKKKKKKDDKKKKKDKDKKDKKKKKK	38	15
Criticism of Judaism	K	DDDDDDDKKKKDDDDDDDKDDDDDDDKDDDDKKDDDKKKKDDKDDDDDDKKDK	16	37
George Alexander (US Army soldier)	K	DDDKDDKDKDKDKDDDDDDKKDKDDKKDDKDKDKDKKDDDDKKKKKKKKKKKK	27	26
Wasilla Assembly of God	K	DKDDDKDKDDDDDKKDDKKKKKDDDKDDKDKKDDKDDDDKKKKKKKKKKKKKK	29	24
Neda (Iranian protester)	K	DKKKKKKKDKKKKKDKKDKKKKKKKKKKKKKKKKKKKKKKKKKKKKKKDKKK	47	5
Mostafa Tabatabainejad	K	DKKKKKKKKKKKKKKDKKKKDKKKKKKKKKDKKKKKDDKKKKKKDKKKKKKK	45	7
Prussian Blue (American duo)	K	DKKKKKKKDKDKKKKKKKKKKKKKKKKKKDKKKKKKKKDKKKKKKKKKKKKK	47	5
The Mushroom Kingdom	K	DKKKKDDDKDDDDDDDDDDKKDDKDDDDDDDDDDKKDDDKDKKKKDDDDKKK	18	34
Santorum (sexual slang)	K	DDDKKDDKKKKDKKDDKKKKKDDDDDKKKKKKKDKKKKKKDKKKKKKKKKDK	36	16
Jim Cramer's appearance on The Daily Show with Jon Stewart	K	DKKKKKKKKKDKKKDKKDKKKKKKKKKKKKKKKKKKKDKDKDKKKDKKKDDK	42	10
Allegations of French apartheid	K	DKDKDDKDDDDKKDKKKDKKKDDKKKKKKKDDDDDDKDDDDDKDDDKDKKKK	25	27